-- USERS 
INSERT INTO USERS values ('201912023', 'rhkstlr', 'jrm962AIP', '김관식', '184-579-6041', '컴퓨터공학부');
INSERT INTO USERS values ('201912024', 'cvlasenko0', 'el47Y2kik', '오대일', '569-350-1552', '기계공학부');
INSERT INTO USERS values ('201912025', 'jqueyeiro1', 'YZit11', '심정남', '335-810-4410', '전기전자공학과');
INSERT INTO USERS values ('201912031', 'vhurring7', 'SnYScw7', '배해주', '669-909-2076', '수학과');
INSERT INTO USERS values ('201912032', 'cspurret8', '6eBCSm', '조병우', '740-558-9077', '화학과');
INSERT INTO USERS values ('201912033', 'bscrauniage9', 'JSkHSPDzG', '김원우', '753-243-5371', '컴퓨터공학부');
INSERT INTO USERS values ('201912034', 'hbenna', '3910BX', '신보연', '234-992-4088', '기계공학부');
INSERT INTO USERS values ('201912035', 'jadolfsenb', 'Y3OkAwtm0mw', '예희수', '405-795-4555', '컴퓨터공학부');
INSERT INTO USERS values ('201912036', 'gsheerc', 'PQsF442IVa8d', '장진석', '430-587-0670', '기계공학부');
INSERT INTO USERS values ('201912037', 'cbelshamd', 'Y33ULPNrgC', '강우진', '361-722-8026', '전기전자공학과');
INSERT INTO USERS values ('201912038', 'gbuxseye', 'KoerHVkvW', '성철준', '950-714-4796', '경영학과');
INSERT INTO USERS values ('201912039', 'bshiref', 'b2gM5I7F', '강도한', '483-385-0439', '회계학과');
INSERT INTO USERS values ('201912040', 'epipetg', '7Wqtxtx', '남철수', '114-692-0435', '반도체학과');
INSERT INTO USERS values ('201912046', 'odenisevichm', 'g49nDBI9dip', '탁연자', '972-119-3357', '기계공학부');
INSERT INTO USERS values ('201912047', 'cnaldrettn', 'i0sMhmDG', '최규현', '297-668-3456', '컴퓨터공학부');
INSERT INTO USERS values ('201912048', 'jheugho', '8vzSiC', '장정호', '230-305-4519', '기계공학부');
INSERT INTO USERS values ('201912049', 'astackbridgep', 'gSqHTnlMiRAo', '성예성', '556-849-1329', '전기전자공학과');
INSERT INTO USERS values ('201912050', 'tpicardoq', 'hEfc6k', '김병현', '706-386-8286', '경영학과');
INSERT INTO USERS values ('201912051', 'kmcnultyr', 'vPWHJ3o', '고용욱', '638-276-8180', '회계학과');
INSERT INTO USERS values ('201812014', 'vlukianovs', 'LhkU5vq', '설희재', '386-631-6760', '반도체학과');
INSERT INTO USERS values ('201812015', 'mjestet', 'MqKdy7muHA', '백만수', '722-877-2525', '철학과');
INSERT INTO USERS values ('201812016', 'lzelakeu', 'VK0vht', '정수호', '329-944-0884', '조소과');
INSERT INTO USERS values ('201812017', 'meastburyv', 'rWkxBwV3d2', '류주환', '220-240-1386', '수학과');
INSERT INTO USERS values ('201812018', 'tdysonw', 'qwVSIKm', '심다운', '659-775-9610', '화학과');
INSERT INTO USERS values ('201812019', 'syerillx', 'iiwutqc3JhE', '홍한결', '392-506-2804', '컴퓨터공학부');
INSERT INTO USERS values ('201812020', 'qsculliony', 'L0PVR7', '임한길', '289-914-1834', '기계공학부');
INSERT INTO USERS values ('201812021', 'sberreyz', 'lX4wwe88', '정나길', '258-361-5462', '컴퓨터공학부');
INSERT INTO USERS values ('201812030', 'gollcott18', 't92NplbmR', '전병윤', '530-217-6340', '화학과');
INSERT INTO USERS values ('201812031', 'wprigmore19', 'NXd8b7WjwwG', '정명훈', '893-446-1475', '컴퓨터공학부');
INSERT INTO USERS values ('201812032', 'cdible1a', 'ezZ1iBOlD', '홍유미', '531-297-3337', '기계공학부');
INSERT INTO USERS values ('201812033', 'qmcmenamy1b', '1TsJLqxGCwG', '이영민', '765-453-1770', '컴퓨터공학부');
INSERT INTO USERS values ('201812034', 'kwedderburn1c', 'a9HXHD', '강원식', '181-920-2764', '기계공학부');
INSERT INTO USERS values ('201812035', 'bdelia1d', 'PJm193v', '설병일', '546-688-0794', '전기전자공학과');
INSERT INTO USERS values ('201812036', 'obice1e', 'VkUDOvr2VDT', '손경헌', '904-426-6209', '경영학과');
INSERT INTO USERS values ('201812037', 'jrisdall1f', 'nDr5UxqqPfo', '고혜연', '936-654-0582', '회계학과');
INSERT INTO USERS values ('201812038', 'cspratley1g', '5OzoNqz', '설경옥', '729-123-9575', '반도체학과');
INSERT INTO USERS values ('201812039', 'ldodshon1h', 'HYrkkxuqLWKx', '노서원', '309-890-2387', '철학과');
INSERT INTO USERS values ('201812040', 'rambler1i', 'DjoYkkOCb', '추철수', '715-267-3056', '조소과');
INSERT INTO USERS values ('201723041', 'tgumbrell1u', 'FiYpz66g', '박준석', '998-338-6238', '조소과');
INSERT INTO USERS values ('201723042', 'ftregensoe1v', 'CVL43QEaf', '하성혜', '241-452-3140', '수학과');
INSERT INTO USERS values ('201723043', 'episcopello1w', 'Ng2g2Ol', '양용희', '209-852-0023', '화학과');
INSERT INTO USERS values ('201723044', 'aspyby1x', 'J7SfMdAA', '배수지', '945-281-2793', '컴퓨터공학부');
INSERT INTO USERS values ('201723045', 'dbelch1y', 'kqoyAQ94zH2M', '한만석', '815-632-9377', '기계공학부');
INSERT INTO USERS values ('201723046', 'mmcclymond1z', 'rscJftD', '설효진', '877-637-2631', '컴퓨터공학부');
INSERT INTO USERS values ('201723047', 'mscrowston20', 't0BbknEOy', '권도원', '499-999-4196', '기계공학부');
INSERT INTO USERS values ('201723048', 'mtrask21', '2UyZv0KWg', '고용성', '320-605-7201', '전기전자공학과');
INSERT INTO USERS values ('201723049', 'nconklin22', 'Dmhvo2h8L', '유영은', '290-225-9039', '경영학과');
INSERT INTO USERS values ('201723050', 'lbeagen23', 'RaCvOtxbD', '유동민', '563-633-9242', '회계학과');
INSERT INTO USERS values ('201723051', 'wbourdas24', 'VYBYoF', '홍보연', '374-952-6946', '반도체학과');
INSERT INTO USERS values ('201723052', 'hpattenden25', 'HFrfZf6j', '배진호', '976-301-9935', '철학과');
INSERT INTO USERS values ('201723053', 'lsteer26', 'Bp8PMzL', '설철희', '909-106-8940', '조소과');
INSERT INTO USERS values ('201723054', 'psponder27', '7ZyASgdwe', '하진호', '720-426-8717', '수학과');
INSERT INTO USERS values ('201723055', 'nreiners28', 'gb08q21', '강원미', '537-840-2221', '화학과');
INSERT INTO USERS values ('201723068', 'lrizzo2l', 'ydkDRY4Dk', '문태영', '349-141-2596', '컴퓨터공학부');
INSERT INTO USERS values ('201723069', 'jlago2m', 'T3vv8mhmDs', '한도준', '906-362-7424', '기계공학부');
INSERT INTO USERS values ('201723070', 'fmarrill2n', 'i6WZIMUyHb8S', '정광민', '882-281-0051', '컴퓨터공학부');
INSERT INTO USERS values ('201723071', 'dcristofor2o', '1odTLDHxeRdj', '고연수', '875-962-5562', '기계공학부');
INSERT INTO USERS values ('201723072', 'ljirek2p', 'MRQcJVzsEN', '안현호', '689-977-8667', '전기전자공학과');
INSERT INTO USERS values ('201723073', 'tcoulston2q', 'Xq44XPah', '정창희', '600-230-5319', '경영학과');

-- GROUPS 
INSERT INTO GROUPS values (GROUPS_SEQ_AUTO.nextval, '알고리즘', '1학기', '8001', '화', 201912023);
INSERT INTO GROUPS values (GROUPS_SEQ_AUTO.nextval, '코틀린', '1년', '비대면', '월', 201912037);
INSERT INTO GROUPS values (GROUPS_SEQ_AUTO.nextval, '게임개발', '1학기', '비대면', '월', 201723048);
INSERT INTO GROUPS values (GROUPS_SEQ_AUTO.nextval, '보안', '4개월', '8004', '수', 201723054);
INSERT INTO GROUPS values (GROUPS_SEQ_AUTO.nextval, '유니티', '1학기', '비대면', '수', 201812015);
INSERT INTO GROUPS values (GROUPS_SEQ_AUTO.nextval, '어셈블리어', '1학기', '팀프실', '금', 201812035);
INSERT INTO GROUPS values (GROUPS_SEQ_AUTO.nextval, '웹', '1년', '비대면', '수', 201723073);

-- GROUPS_JOIN 
INSERT INTO GROUPS_JOIN values(1, 201912023);
INSERT INTO GROUPS_JOIN values(1, 201912025);

INSERT INTO GROUPS_JOIN values(2, 201912037);
INSERT INTO GROUPS_JOIN values(2, 201912038);

INSERT INTO GROUPS_JOIN values(3, 201812015);
INSERT INTO GROUPS_JOIN values(3, 201812018);
INSERT INTO GROUPS_JOIN values(3, 201812020);
INSERT INTO GROUPS_JOIN values(3, 201812021);

INSERT INTO GROUPS_JOIN values(4, 201812035);
INSERT INTO GROUPS_JOIN values(4, 201812040);

INSERT INTO GROUPS_JOIN values(5, 201723048);
INSERT INTO GROUPS_JOIN values(5, 201723049);

INSERT INTO GROUPS_JOIN values(6, 201723054);

INSERT INTO GROUPS_JOIN values(7, 201723073);

-- BOOKS
INSERT INTO BOOKS(NO, NAME, AUTHOR, PUBLISHER) values (BOOKS_SEQ_AUTO.nextval, 'Do It! 자료구조와 함께 배우는 알고리즘 입문', 'Bohyoh Shibata', '이지스퍼블리싱');
INSERT INTO BOOKS(NO, NAME, AUTHOR, PUBLISHER) values (BOOKS_SEQ_AUTO.nextval, '이것이 코딩 테스트다', '나동빈', '한빛미디어');
INSERT INTO BOOKS(NO, NAME, AUTHOR, PUBLISHER) values (BOOKS_SEQ_AUTO.nextval, '리액트를 다루는 기술', '김민준', '길벗');
INSERT INTO BOOKS(NO, NAME, AUTHOR, PUBLISHER) values (BOOKS_SEQ_AUTO.nextval, 'Do It! 자바프로그래밍 입문', '박은종', '이지스퍼블리싱');
INSERT INTO BOOKS(NO, NAME, AUTHOR, PUBLISHER) values (BOOKS_SEQ_AUTO.nextval, '프론트엔드 성능 최적화 가이드', '유동균', '인사이트');
INSERT INTO BOOKS(NO, NAME, AUTHOR, PUBLISHER) values (BOOKS_SEQ_AUTO.nextval, '생각하는 프로그래밍', '존 벤틀리', '인사이트');

-- MEMBERSHIP
INSERT INTO MEMBERSHIP(NO, USE_DATE, PURPOSE, PRICE, GROUPS_NO) values (MEMBERSHIP_SEQ_AUTO.nextval, '2022-12-3', '인터넷강의 구매', '49000', '1');
INSERT INTO MEMBERSHIP(NO, USE_DATE, PURPOSE, PRICE, GROUPS_NO) values (MEMBERSHIP_SEQ_AUTO.nextval, '2022-10-3', '책 구매', '29000', '5');
INSERT INTO MEMBERSHIP(NO, USE_DATE, PURPOSE, PRICE, GROUPS_NO) values (MEMBERSHIP_SEQ_AUTO.nextval, '2022-10-4', '인터넷강의 구매', '39000', '1');

-- POST
INSERT INTO POST(NO, TYPE, TITLE, CONTENT, CREATED_DATE, WRITER) values (POST_SEQ_AUTO.nextval, '공지', '새로운 멤버!', '새로운 운영진을 소개합니다.', '2022-10-4', '김관식');
INSERT INTO POST(NO, TYPE, TITLE, CONTENT, CREATED_DATE, WRITER) values (POST_SEQ_AUTO.nextval, '질문', '데이터베이스 질문입니다.', 'SQL DML이 뭔가요?? 알려주세요~!', '2022-11-5', '이찬영');
INSERT INTO POST(NO, TYPE, TITLE, CONTENT, CREATED_DATE, WRITER) values (POST_SEQ_AUTO.nextval, '공지', '하반기 종강총회', '안녕하십니까, 2022년도 하반기 종강초회 일정을 공유합니다…', '2022-12-3', '김관식');

-- COMMENTS
INSERT INTO COMMENTS(POST_NO, NO, WRITER, CONTENT) values ('1', COMMENTS_SEQ_AUTO.nextval, '김관식', '환영합니다!');
INSERT INTO COMMENTS(POST_NO, NO, WRITER, CONTENT) values ('2', COMMENTS_SEQ_AUTO.nextval, '김관식', '데이터 조작어 (DML : Data Manipulation Languag)를 말합니다. ');
INSERT INTO COMMENTS(POST_NO, NO, WRITER, CONTENT) values ('1', COMMENTS_SEQ_AUTO.nextval, '박동민', '반가워요!');
